id,name,,url,destination ,category ,description
topic-1,Kangaroo Island|Active,Kangaroo Island Active,/kangarooisland/active,Kangaroo Island,Active,
topic-2,Bali|Active,Bali Active,/bali/active,Bali,Active,
topic-3,Hoi An|Active,Hoi An Active,/hoi-an/active,Hoi An,Active,
topic-4,Cusco|Active,Cusco Active,/cusco/active,Cusco,Active,
topic-5,Lima|Active,Lima Active,/lima/active,Lima,Active,
topic-6,Australia|Active,Australia Active,/australia/active,Australia,Active,
topic-7,Indonesia|Active,Indonesia Active,/indonesia/active,Indonesia,Active,
topic-8,Vietnam|Active,Vietnam Active,/vietnam/active,Vietnam,Active,
topic-9,Peru|Active,Peru Active,/peru/active,Peru,Active,
topic-10,Oceania |Active,Oceania  Active,/oceania /active,Oceania ,Active,
topic-11,Asia|Active,Asia Active,/asia/active,Asia,Active,
topic-12,South America|Active,South America Active,/south-america/active,South America,Active,
topic-13,Athens|Art & Culture & History,Athens Art & Culture & History,/athens/art-culture-history,Athens,Art & Culture & History,
topic-14,Barcelona|Art & Culture & History,Barcelona Art & Culture & History,/barcelona/art-culture-history,Barcelona,Art & Culture & History,
topic-15,Bucharest|Art & Culture & History,Bucharest Art & Culture & History,/bucharest/art-culture-history,Bucharest,Art & Culture & History,
topic-16,Dubrovnik|Art & Culture & History,Dubrovnik Art & Culture & History,/dubrovnik/art-culture-history,Dubrovnik,Art & Culture & History,
topic-17,Paris|Art & Culture & History,Paris Art & Culture & History,/paris/art-culture-history,Paris,Art & Culture & History,
topic-18,Venice|Art & Culture & History,Venice Art & Culture & History,/venice/art-culture-history,Venice,Art & Culture & History,
topic-19,Delhi|Art & Culture & History,Delhi Art & Culture & History,/delhi/art-culture-history,Delhi,Art & Culture & History,
topic-20,Ho Chi Minh City|Art & Culture & History,Ho Chi Minh City Art & Culture & History,/ho-chi-minh-city/art-culture-history,Ho Chi Minh City,Art & Culture & History,
topic-21,Hoi An|Art & Culture & History,Hoi An Art & Culture & History,/hoi-an/art-culture-history,Hoi An,Art & Culture & History,
topic-22,Kathmandu|Art & Culture & History,Kathmandu Art & Culture & History,/kathmandu/art-culture-history,Kathmandu,Art & Culture & History,
topic-23,Boston|Art & Culture & History,Boston Art & Culture & History,/boston/art-culture-history,Boston,Art & Culture & History,
topic-24,Denver|Art & Culture & History,Denver Art & Culture & History,/denver/art-culture-history,Denver,Art & Culture & History,
topic-25,Havana|Art & Culture & History,Havana Art & Culture & History,/havana/art-culture-history,Havana,Art & Culture & History,
topic-26,Mexico City|Art & Culture & History,Mexico City Art & Culture & History,/mexico-city/art-culture-history,Mexico City,Art & Culture & History,
topic-27,New Orleans|Art & Culture & History,New Orleans Art & Culture & History,/new-orleans/art-culture-history,New Orleans,Art & Culture & History,
topic-28,New York|Art & Culture & History,New York Art & Culture & History,/new-york/art-culture-history,New York,Art & Culture & History,
topic-29,Seattle|Art & Culture & History,Seattle Art & Culture & History,/seattle/art-culture-history,Seattle,Art & Culture & History,
topic-30,Toronto|Art & Culture & History,Toronto Art & Culture & History,/toronto/art-culture-history,Toronto,Art & Culture & History,
topic-31,Cairo|Art & Culture & History,Cairo Art & Culture & History,/cairo/art-culture-history,Cairo,Art & Culture & History,
topic-32,Casablanca|Art & Culture & History,Casablanca Art & Culture & History,/casablanca/art-culture-history,Casablanca,Art & Culture & History,
topic-33,Marrakech|Art & Culture & History,Marrakech Art & Culture & History,/marrakech/art-culture-history,Marrakech,Art & Culture & History,
topic-34,Cusco|Art & Culture & History,Cusco Art & Culture & History,/cusco/art-culture-history,Cusco,Art & Culture & History,
topic-35,Quito|Art & Culture & History,Quito Art & Culture & History,/quito/art-culture-history,Quito,Art & Culture & History,
topic-36,Greece|Art & Culture & History,Greece Art & Culture & History,/greece/art-culture-history,Greece,Art & Culture & History,
topic-37,Spain|Art & Culture & History,Spain Art & Culture & History,/spain/art-culture-history,Spain,Art & Culture & History,
topic-38,Romania|Art & Culture & History,Romania Art & Culture & History,/romania/art-culture-history,Romania,Art & Culture & History,
topic-39,Croatia|Art & Culture & History,Croatia Art & Culture & History,/croatia/art-culture-history,Croatia,Art & Culture & History,
topic-40,France|Art & Culture & History,France Art & Culture & History,/france/art-culture-history,France,Art & Culture & History,
topic-41,Italy|Art & Culture & History,Italy Art & Culture & History,/italy/art-culture-history,Italy,Art & Culture & History,
topic-42,India|Art & Culture & History,India Art & Culture & History,/india/art-culture-history,India,Art & Culture & History,
topic-43,Vietnam|Art & Culture & History,Vietnam Art & Culture & History,/vietnam/art-culture-history,Vietnam,Art & Culture & History,
topic-44,Nepal|Art & Culture & History,Nepal Art & Culture & History,/nepal/art-culture-history,Nepal,Art & Culture & History,
topic-45,United States|Art & Culture & History,United States Art & Culture & History,/united-states/art-culture-history,United States,Art & Culture & History,
topic-46,Cuba|Art & Culture & History,Cuba Art & Culture & History,/cuba/art-culture-history,Cuba,Art & Culture & History,
topic-47,Mexico|Art & Culture & History,Mexico Art & Culture & History,/mexico/art-culture-history,Mexico,Art & Culture & History,
topic-48,Canada|Art & Culture & History,Canada Art & Culture & History,/canada/art-culture-history,Canada,Art & Culture & History,
topic-49,Egypt|Art & Culture & History,Egypt Art & Culture & History,/egypt/art-culture-history,Egypt,Art & Culture & History,
topic-50,Morocco|Art & Culture & History,Morocco Art & Culture & History,/morocco/art-culture-history,Morocco,Art & Culture & History,
topic-51,Peru|Art & Culture & History,Peru Art & Culture & History,/peru/art-culture-history,Peru,Art & Culture & History,
topic-52,Ecuador|Art & Culture & History,Ecuador Art & Culture & History,/ecuador/art-culture-history,Ecuador,Art & Culture & History,
topic-53,Europe|Art & Culture & History,Europe Art & Culture & History,/europe/art-culture-history,Europe,Art & Culture & History,
topic-54,Asia|Art & Culture & History,Asia Art & Culture & History,/asia/art-culture-history,Asia,Art & Culture & History,
topic-55,North America|Art & Culture & History,North America Art & Culture & History,/north-america/art-culture-history,North America,Art & Culture & History,
topic-56,Africa|Art & Culture & History,Africa Art & Culture & History,/africa/art-culture-history,Africa,Art & Culture & History,
topic-57,South America|Art & Culture & History,South America Art & Culture & History,/south-america/art-culture-history,South America,Art & Culture & History,
topic-58,Melbourne|City Highlights,Melbourne City Highlights,/melbourne/city-highlights,Melbourne,City Highlights,
topic-59,Athens|City Highlights,Athens City Highlights,/athens/city-highlights,Athens,City Highlights,
topic-60,Bucharest|City Highlights,Bucharest City Highlights,/bucharest/city-highlights,Bucharest,City Highlights,
topic-61,Paris|City Highlights,Paris City Highlights,/paris/city-highlights,Paris,City Highlights,
topic-62,Split|City Highlights,Split City Highlights,/split/city-highlights,Split,City Highlights,
topic-63,Bangkok|City Highlights,Bangkok City Highlights,/bangkok/city-highlights,Bangkok,City Highlights,
topic-64,Hanoi|City Highlights,Hanoi City Highlights,/hanoi/city-highlights,Hanoi,City Highlights,
topic-65,Istanbul|City Highlights,Istanbul City Highlights,/istanbul/city-highlights,Istanbul,City Highlights,
topic-66,Boston|City Highlights,Boston City Highlights,/boston/city-highlights,Boston,City Highlights,
topic-67,Chicago|City Highlights,Chicago City Highlights,/chicago/city-highlights,Chicago,City Highlights,
topic-68,San José|City Highlights,San José City Highlights,/san-jose/city-highlights,San José,City Highlights,
topic-69,Washington D.C.|City Highlights,Washington D.C. City Highlights,/washington-d-c/city-highlights,Washington D.C.,City Highlights,
topic-70,Cairo|City Highlights,Cairo City Highlights,/cairo/city-highlights,Cairo,City Highlights,
topic-71,Nairobi|City Highlights,Nairobi City Highlights,/nairobi/city-highlights,Nairobi,City Highlights,
topic-72,Lima|City Highlights,Lima City Highlights,/lima/city-highlights,Lima,City Highlights,
topic-73,Barcelona|City Highlights,Barcelona City Highlights,/barcelona/city-highlights,Barcelona,City Highlights,
topic-74,Dubrovnik|City Highlights,Dubrovnik City Highlights,/dubrovnik/city-highlights,Dubrovnik,City Highlights,
topic-75,Delhi|City Highlights,Delhi City Highlights,/delhi/city-highlights,Delhi,City Highlights,
topic-76,Denver|City Highlights,Denver City Highlights,/denver/city-highlights,Denver,City Highlights,
topic-77,New Orleans|City Highlights,New Orleans City Highlights,/new-orleans/city-highlights,New Orleans,City Highlights,
topic-78,New York|City Highlights,New York City Highlights,/new-york/city-highlights,New York,City Highlights,
topic-79,Seattle|City Highlights,Seattle City Highlights,/seattle/city-highlights,Seattle,City Highlights,
topic-80,Australia|City Highlights,Australia City Highlights,/australia/city-highlights,Australia,City Highlights,
topic-81,Greece|City Highlights,Greece City Highlights,/greece/city-highlights,Greece,City Highlights,
topic-82,Romania|City Highlights,Romania City Highlights,/romania/city-highlights,Romania,City Highlights,
topic-83,France|City Highlights,France City Highlights,/france/city-highlights,France,City Highlights,
topic-84,Croatia|City Highlights,Croatia City Highlights,/croatia/city-highlights,Croatia,City Highlights,
topic-85,Thailand|City Highlights,Thailand City Highlights,/thailand/city-highlights,Thailand,City Highlights,
topic-86,Vietnam|City Highlights,Vietnam City Highlights,/vietnam/city-highlights,Vietnam,City Highlights,
topic-87,Turkey|City Highlights,Turkey City Highlights,/turkey/city-highlights,Turkey,City Highlights,
topic-88,United States|City Highlights,United States City Highlights,/united-states/city-highlights,United States,City Highlights,
topic-89,Costa Rica|City Highlights,Costa Rica City Highlights,/costa-rica/city-highlights,Costa Rica,City Highlights,
topic-90,Egypt|City Highlights,Egypt City Highlights,/egypt/city-highlights,Egypt,City Highlights,
topic-91,Kenya|City Highlights,Kenya City Highlights,/kenya/city-highlights,Kenya,City Highlights,
topic-92,Peru|City Highlights,Peru City Highlights,/peru/city-highlights,Peru,City Highlights,
topic-93,Spain|City Highlights,Spain City Highlights,/spain/city-highlights,Spain,City Highlights,
topic-94,India|City Highlights,India City Highlights,/india/city-highlights,India,City Highlights,
topic-95,Oceania |City Highlights,Oceania  City Highlights,/oceania /city-highlights,Oceania ,City Highlights,
topic-96,Europe|City Highlights,Europe City Highlights,/europe/city-highlights,Europe,City Highlights,
topic-97,Asia|City Highlights,Asia City Highlights,/asia/city-highlights,Asia,City Highlights,
topic-98,North America|City Highlights,North America City Highlights,/north-america/city-highlights,North America,City Highlights,
topic-99,Africa|City Highlights,Africa City Highlights,/africa/city-highlights,Africa,City Highlights,
topic-100,South America|City Highlights,South America City Highlights,/south-america/city-highlights,South America,City Highlights,
topic-101,Melbourne|Food & Drink,Melbourne Food & Drink,/melbourne/food-drink,Melbourne,Food & Drink,
topic-102,Athens|Food & Drink,Athens Food & Drink,/athens/food-drink,Athens,Food & Drink,
topic-103,Barcelona|Food & Drink,Barcelona Food & Drink,/barcelona/food-drink,Barcelona,Food & Drink,
topic-104,Florence|Food & Drink,Florence Food & Drink,/florence/food-drink,Florence,Food & Drink,
topic-105,London|Food & Drink,London Food & Drink,/london/food-drink,London,Food & Drink,
topic-106,Madrid|Food & Drink,Madrid Food & Drink,/madrid/food-drink,Madrid,Food & Drink,
topic-107,Vienna|Food & Drink,Vienna Food & Drink,/vienna/food-drink,Vienna,Food & Drink,
topic-108,Bali|Food & Drink,Bali Food & Drink,/bali/food-drink,Bali,Food & Drink,
topic-109,Bangkok|Food & Drink,Bangkok Food & Drink,/bangkok/food-drink,Bangkok,Food & Drink,
topic-110,Hanoi|Food & Drink,Hanoi Food & Drink,/hanoi/food-drink,Hanoi,Food & Drink,
topic-111,Ho Chi Minh City|Food & Drink,Ho Chi Minh City Food & Drink,/ho-chi-minh-city/food-drink,Ho Chi Minh City,Food & Drink,
topic-112,Hoi An|Food & Drink,Hoi An Food & Drink,/hoi-an/food-drink,Hoi An,Food & Drink,
topic-113,Tokyo|Food & Drink,Tokyo Food & Drink,/tokyo/food-drink,Tokyo,Food & Drink,
topic-114,Boston|Food & Drink,Boston Food & Drink,/boston/food-drink,Boston,Food & Drink,
topic-115,Chicago|Food & Drink,Chicago Food & Drink,/chicago/food-drink,Chicago,Food & Drink,
topic-116,Denver|Food & Drink,Denver Food & Drink,/denver/food-drink,Denver,Food & Drink,
topic-117,Mexico City|Food & Drink,Mexico City Food & Drink,/mexico-city/food-drink,Mexico City,Food & Drink,
topic-118,New Orleans|Food & Drink,New Orleans Food & Drink,/new-orleans/food-drink,New Orleans,Food & Drink,
topic-119,New York|Food & Drink,New York Food & Drink,/new-york/food-drink,New York,Food & Drink,
topic-120,San José|Food & Drink,San José Food & Drink,/san-jose/food-drink,San José,Food & Drink,
topic-121,Seattle|Food & Drink,Seattle Food & Drink,/seattle/food-drink,Seattle,Food & Drink,
topic-122,Toronto|Food & Drink,Toronto Food & Drink,/toronto/food-drink,Toronto,Food & Drink,
topic-123,Marrakech|Food & Drink,Marrakech Food & Drink,/marrakech/food-drink,Marrakech,Food & Drink,
topic-124,Cusco|Food & Drink,Cusco Food & Drink,/cusco/food-drink,Cusco,Food & Drink,
topic-125,Bucharest|Food & Drink,Bucharest Food & Drink,/bucharest/food-drink,Bucharest,Food & Drink,
topic-126,Paris|Food & Drink,Paris Food & Drink,/paris/food-drink,Paris,Food & Drink,
topic-127,Split|Food & Drink,Split Food & Drink,/split/food-drink,Split,Food & Drink,
topic-128,Venice|Food & Drink,Venice Food & Drink,/venice/food-drink,Venice,Food & Drink,
topic-129,Delhi|Food & Drink,Delhi Food & Drink,/delhi/food-drink,Delhi,Food & Drink,
topic-130,Australia|Food & Drink,Australia Food & Drink,/australia/food-drink,Australia,Food & Drink,
topic-131,Greece|Food & Drink,Greece Food & Drink,/greece/food-drink,Greece,Food & Drink,
topic-132,Spain|Food & Drink,Spain Food & Drink,/spain/food-drink,Spain,Food & Drink,
topic-133,Italy|Food & Drink,Italy Food & Drink,/italy/food-drink,Italy,Food & Drink,
topic-134,United Kingdom|Food & Drink,United Kingdom Food & Drink,/united-kingdom/food-drink,United Kingdom,Food & Drink,
topic-135,Austria|Food & Drink,Austria Food & Drink,/austria/food-drink,Austria,Food & Drink,
topic-136,Indonesia|Food & Drink,Indonesia Food & Drink,/indonesia/food-drink,Indonesia,Food & Drink,
topic-137,Thailand|Food & Drink,Thailand Food & Drink,/thailand/food-drink,Thailand,Food & Drink,
topic-138,Vietnam|Food & Drink,Vietnam Food & Drink,/vietnam/food-drink,Vietnam,Food & Drink,
topic-139,Japan|Food & Drink,Japan Food & Drink,/japan/food-drink,Japan,Food & Drink,
topic-140,United States|Food & Drink,United States Food & Drink,/united-states/food-drink,United States,Food & Drink,
topic-141,Mexico|Food & Drink,Mexico Food & Drink,/mexico/food-drink,Mexico,Food & Drink,
topic-142,Costa Rica|Food & Drink,Costa Rica Food & Drink,/costa-rica/food-drink,Costa Rica,Food & Drink,
topic-143,Canada|Food & Drink,Canada Food & Drink,/canada/food-drink,Canada,Food & Drink,
topic-144,Morocco|Food & Drink,Morocco Food & Drink,/morocco/food-drink,Morocco,Food & Drink,
topic-145,Peru|Food & Drink,Peru Food & Drink,/peru/food-drink,Peru,Food & Drink,
topic-146,Romania|Food & Drink,Romania Food & Drink,/romania/food-drink,Romania,Food & Drink,
topic-147,France|Food & Drink,France Food & Drink,/france/food-drink,France,Food & Drink,
topic-148,Croatia|Food & Drink,Croatia Food & Drink,/croatia/food-drink,Croatia,Food & Drink,
topic-149,India|Food & Drink,India Food & Drink,/india/food-drink,India,Food & Drink,
topic-150,Oceania |Food & Drink,Oceania  Food & Drink,/oceania /food-drink,Oceania ,Food & Drink,
topic-151,Europe|Food & Drink,Europe Food & Drink,/europe/food-drink,Europe,Food & Drink,
topic-152,Asia|Food & Drink,Asia Food & Drink,/asia/food-drink,Asia,Food & Drink,
topic-153,North America|Food & Drink,North America Food & Drink,/north-america/food-drink,North America,Food & Drink,
topic-154,Africa|Food & Drink,Africa Food & Drink,/africa/food-drink,Africa,Food & Drink,
topic-155,South America|Food & Drink,South America Food & Drink,/south-america/food-drink,South America,Food & Drink,
topic-156,Melbourne|Off The Beaten Path,Melbourne Off The Beaten Path,/melbourne/off-the-beaten-path,Melbourne,Off The Beaten Path,
topic-157,Bangkok|Off The Beaten Path,Bangkok Off The Beaten Path,/bangkok/off-the-beaten-path,Bangkok,Off The Beaten Path,
topic-158,Kangaroo Island|Off The Beaten Path,Kangaroo Island Off The Beaten Path,/kangarooisland/off-the-beaten-path,Kangaroo Island,Off The Beaten Path,
topic-159,Australia|Off The Beaten Path,Australia Off The Beaten Path,/australia/off-the-beaten-path,Australia,Off The Beaten Path,
topic-160,Thailand|Off The Beaten Path,Thailand Off The Beaten Path,/thailand/off-the-beaten-path,Thailand,Off The Beaten Path,
topic-161,Oceania |Off The Beaten Path,Oceania  Off The Beaten Path,/oceania /off-the-beaten-path,Oceania ,Off The Beaten Path,
topic-162,Asia|Off The Beaten Path,Asia Off The Beaten Path,/asia/off-the-beaten-path,Asia,Off The Beaten Path,
topic-163,Melbourne|Private,Melbourne Private,/melbourne/private,Melbourne,Private,
topic-164,Athens|Private,Athens Private,/athens/private,Athens,Private,
topic-165,London|Private,London Private,/london/private,London,Private,
topic-166,Vienna|Private,Vienna Private,/vienna/private,Vienna,Private,
topic-167,Bangkok|Private,Bangkok Private,/bangkok/private,Bangkok,Private,
topic-168,Hanoi|Private,Hanoi Private,/hanoi/private,Hanoi,Private,
topic-169,Hoi An|Private,Hoi An Private,/hoi-an/private,Hoi An,Private,
topic-170,Washington D.C.|Private,Washington D.C. Private,/washington-d-c/private,Washington D.C.,Private,
topic-171,Cairo|Private,Cairo Private,/cairo/private,Cairo,Private,
topic-172,Casablanca|Private,Casablanca Private,/casablanca/private,Casablanca,Private,
topic-173,Marrakech|Private,Marrakech Private,/marrakech/private,Marrakech,Private,
topic-174,Cusco|Private,Cusco Private,/cusco/private,Cusco,Private,
topic-175,New York|Private,New York Private,/new-york/private,New York,Private,
topic-176,Seattle|Private,Seattle Private,/seattle/private,Seattle,Private,
topic-177,Australia|Private,Australia Private,/australia/private,Australia,Private,
topic-178,Greece|Private,Greece Private,/greece/private,Greece,Private,
topic-179,United Kingdom|Private,United Kingdom Private,/united-kingdom/private,United Kingdom,Private,
topic-180,Austria|Private,Austria Private,/austria/private,Austria,Private,
topic-181,Thailand|Private,Thailand Private,/thailand/private,Thailand,Private,
topic-182,Vietnam|Private,Vietnam Private,/vietnam/private,Vietnam,Private,
topic-183,United States|Private,United States Private,/united-states/private,United States,Private,
topic-184,Egypt|Private,Egypt Private,/egypt/private,Egypt,Private,
topic-185,Morocco|Private,Morocco Private,/morocco/private,Morocco,Private,
topic-186,Peru|Private,Peru Private,/peru/private,Peru,Private,
topic-187,Oceania |Private,Oceania  Private,/oceania /private,Oceania ,Private,
topic-188,Europe|Private,Europe Private,/europe/private,Europe,Private,
topic-189,Asia|Private,Asia Private,/asia/private,Asia,Private,
topic-190,North America|Private,North America Private,/north-america/private,North America,Private,
topic-191,Africa|Private,Africa Private,/africa/private,Africa,Private,
topic-192,South America|Private,South America Private,/south-america/private,South America,Private,
topic-193,London|Social Impact,London Social Impact,/london/social-impact,London,Social Impact,
topic-194,United Kingdom|Social Impact,United Kingdom Social Impact,/united-kingdom/social-impact,United Kingdom,Social Impact,
topic-195,Europe|Social Impact,Europe Social Impact,/europe/social-impact,Europe,Social Impact,
